<?xml version="1.0" ?>
<LOG_ROOT>
	<PROJECT NAME="project_lab2">
		<CBX_INST_ENTRY INSTANCE_NAME="|project_lab2|lpm_add_sub:Add0" CBX_FILE_NAME="add_sub_1nh.tdf"/>
		<CBX_INST_ENTRY INSTANCE_NAME="|project_lab2|lpm_add_sub:Add4" CBX_FILE_NAME="add_sub_1nh.tdf"/>
		<CBX_INST_ENTRY INSTANCE_NAME="|project_lab2|lpm_add_sub:Add8" CBX_FILE_NAME="add_sub_2nh.tdf"/>
		<CBX_INST_ENTRY INSTANCE_NAME="|project_lab2|lpm_add_sub:Add1" CBX_FILE_NAME="add_sub_1nh.tdf"/>
		<CBX_INST_ENTRY INSTANCE_NAME="|project_lab2|lpm_add_sub:Add3" CBX_FILE_NAME="add_sub_1nh.tdf"/>
		<CBX_INST_ENTRY INSTANCE_NAME="|project_lab2|lpm_add_sub:Add5" CBX_FILE_NAME="add_sub_1nh.tdf"/>
		<CBX_INST_ENTRY INSTANCE_NAME="|project_lab2|lpm_add_sub:Add7" CBX_FILE_NAME="add_sub_2nh.tdf"/>
		<CBX_INST_ENTRY INSTANCE_NAME="|project_lab2|lpm_add_sub:Add9" CBX_FILE_NAME="add_sub_2nh.tdf"/>
		<CBX_INST_ENTRY INSTANCE_NAME="|project_lab2|lpm_add_sub:Add2" CBX_FILE_NAME="add_sub_1nh.tdf"/>
		<CBX_INST_ENTRY INSTANCE_NAME="|project_lab2|lpm_add_sub:Add6" CBX_FILE_NAME="add_sub_1nh.tdf"/>
	</PROJECT>
</LOG_ROOT>
